<TestParameters><Schema><xsd:schema xmlns:xsi="http://www.w3.org/2001/XMLSchema-instance" xmlns:types="http://hp.vtd.schemas/types/v1.0" xmlns:xs="http://www.w3.org/2001/XMLSchema" xmlns:xsd="http://www.w3.org/2001/XMLSchema"><xs:import schemaLocation="../../../dat/schemas/Types.xsd" namespace="http://hp.vtd.schemas/types/v1.0" /><xs:element types:displayName="Properties" name="Arguments"><xs:complexType><xs:sequence /></xs:complexType></xs:element></xsd:schema></Schema><Values><Arguments /></Values></TestParameters>