<SapRfcMetaData z:Id="1" z:Type="HP.ST.Ext.SapModel.MetadataResources.SapRfcMetaData" z:Assembly="HP.ST.Ext.SapModel, Version=11.0.0.0, Culture=neutral, PublicKeyToken=a55d8ef45e7637d3" xmlns="http://schemas.datacontract.org/2004/07/HP.ST.Ext.SapModel.MetadataResources" xmlns:i="http://www.w3.org/2001/XMLSchema-instance" xmlns:z="http://schemas.microsoft.com/2003/10/Serialization/"><ID z:Id="2" xmlns="http://schemas.datacontract.org/2004/07/HP.ST.Fwk.DesignerModel">7705837d_c2dc_4110_ab73_3a72e54f441e</ID><Parent i:nil="true" xmlns="http://schemas.datacontract.org/2004/07/HP.ST.Fwk.DesignerModel"/><addinID z:Id="3" xmlns="http://schemas.datacontract.org/2004/07/HP.ST.Fwk.DesignerModel">HP.ST.SapRfc</addinID><addinVersion z:Id="4" xmlns="http://schemas.datacontract.org/2004/07/HP.ST.Fwk.DesignerModel">11.51.1546.0</addinVersion><children z:Id="5" xmlns="http://schemas.datacontract.org/2004/07/HP.ST.Fwk.DesignerModel"><items z:Id="6" z:Type="System.Collections.Generic.List`1[[HP.ST.Fwk.DesignerModel.TestResource, HP.ST.Fwk.DesignerModel, Version=11.0.0.0, Culture=neutral, PublicKeyToken=a55d8ef45e7637d3]]" z:Assembly="0"><_items z:Id="7" z:Size="0"/><_size>0</_size><_version>0</_version></items><_monitor z:Id="8" xmlns:a="http://schemas.datacontract.org/2004/07/System.Collections.ObjectModel"><a:_busyCount>0</a:_busyCount></_monitor></children><Group z:Id="9" xmlns="http://schemas.datacontract.org/2004/07/HP.ST.Fwk.DesignerModel"/><CustomValue i:nil="true" xmlns="http://schemas.datacontract.org/2004/07/HP.ST.Fwk.DesignerModel"/><Description z:Id="10" xmlns="http://schemas.datacontract.org/2004/07/HP.ST.Fwk.DesignerModel">Check Existence of Material</Description><DisplayName z:Id="11" xmlns="http://schemas.datacontract.org/2004/07/HP.ST.Fwk.DesignerModel">BAPI_MATERIAL_EXISTENCECHECK</DisplayName><Draggable xmlns="http://schemas.datacontract.org/2004/07/HP.ST.Fwk.DesignerModel">true</Draggable><EditablePrototype xmlns="http://schemas.datacontract.org/2004/07/HP.ST.Fwk.DesignerModel">false</EditablePrototype><Events z:Id="12" xmlns="http://schemas.datacontract.org/2004/07/HP.ST.Fwk.DesignerModel"><Parent z:Ref="1" i:nil="true"/><canBeArrayCheckPoint>false</canBeArrayCheckPoint><canBeCheckPoint>false</canBeCheckPoint><canBeDestination>false</canBeDestination><canBeSource>false</canBeSource><displayName z:Id="13">Events</displayName><expandDepth>-1</expandDepth><isJsonSection>false</isJsonSection><isSharedMetaData>true</isSharedMetaData><loadFromReplayEnabled i:nil="true"/><name z:Ref="13" i:nil="true"/><propertiesType i:nil="true"/><showXmlControls>false</showXmlControls><eventsList z:Id="14"><_items z:Id="15" z:Size="4"><EventPropertyMetaData z:Id="16"><name z:Id="17">CodeCheckPointEvent</name><serializedParentSection z:Ref="12" i:nil="true"/><Description z:Id="18">Code CheckPoint Event</Description><EventArgs z:Id="19">CheckpointEventArgs</EventArgs><example i:nil="true"/></EventPropertyMetaData><EventPropertyMetaData z:Id="20"><name z:Id="21">BeforeExecuteStepEvent</name><serializedParentSection z:Ref="12" i:nil="true"/><Description z:Id="22">Before Execute Step Event</Description><EventArgs z:Id="23">STActivityBaseEventArgs</EventArgs><example i:nil="true"/></EventPropertyMetaData><EventPropertyMetaData z:Id="24"><name z:Id="25">AfterExecuteStepEvent</name><serializedParentSection z:Ref="12" i:nil="true"/><Description z:Id="26">After Execute Step Event</Description><EventArgs z:Id="27">STActivityBaseEventArgs</EventArgs><example i:nil="true"/></EventPropertyMetaData><EventPropertyMetaData i:nil="true"/></_items><_size>3</_size><_version>3</_version></eventsList></Events><IconPath z:Id="28" xmlns="http://schemas.datacontract.org/2004/07/HP.ST.Fwk.DesignerModel">ictb_sap_rfc_16.png</IconPath><RunTimeAssemblyName z:Id="29" xmlns="http://schemas.datacontract.org/2004/07/HP.ST.Fwk.DesignerModel">HP.ST.Ext.SapRT.dll</RunTimeAssemblyName><RunTimeClassName z:Id="30" xmlns="http://schemas.datacontract.org/2004/07/HP.ST.Fwk.DesignerModel">HP.ST.Ext.SapRT.Activities.RfcCallActivityRT</RunTimeClassName><SupportedTestTypes z:Id="31" xmlns="http://schemas.datacontract.org/2004/07/HP.ST.Fwk.DesignerModel">all</SupportedTestTypes><Tabs z:Id="32" xmlns="http://schemas.datacontract.org/2004/07/HP.ST.Fwk.DesignerModel"><Parent z:Ref="1" i:nil="true"/><canBeArrayCheckPoint>false</canBeArrayCheckPoint><canBeCheckPoint>false</canBeCheckPoint><canBeDestination>false</canBeDestination><canBeSource>false</canBeSource><displayName z:Id="33">Tabs</displayName><expandDepth>-1</expandDepth><isJsonSection>false</isJsonSection><isSharedMetaData>false</isSharedMetaData><loadFromReplayEnabled i:nil="true"/><name z:Ref="33" i:nil="true"/><propertiesType i:nil="true"/><showXmlControls>false</showXmlControls><sectionTabs z:Id="34"><_items z:Id="35" z:Size="4"><TabPropertyMetaData z:Id="36"><name z:Id="37">General</name><serializedParentSection z:Ref="32" i:nil="true"/><CanBeInDataLinkDialog>true</CanBeInDataLinkDialog><CanBeInPropertySheet>true</CanBeInPropertySheet><CanBeInToolbox>true</CanBeInToolbox><Id z:Id="38">GeneralTab</Id></TabPropertyMetaData><TabPropertyMetaData z:Id="39"><name z:Id="40">InputOutput</name><serializedParentSection z:Ref="32" i:nil="true"/><CanBeInDataLinkDialog>true</CanBeInDataLinkDialog><CanBeInPropertySheet>true</CanBeInPropertySheet><CanBeInToolbox>true</CanBeInToolbox><Id z:Id="41">InputOutputTab</Id></TabPropertyMetaData><TabPropertyMetaData z:Id="42"><name z:Id="43">Events</name><serializedParentSection z:Ref="32" i:nil="true"/><CanBeInDataLinkDialog>false</CanBeInDataLinkDialog><CanBeInPropertySheet>true</CanBeInPropertySheet><CanBeInToolbox>true</CanBeInToolbox><Id z:Id="44">EventsTab</Id></TabPropertyMetaData><TabPropertyMetaData i:nil="true"/></_items><_size>3</_size><_version>3</_version></sectionTabs></Tabs><TranslationID z:Id="45" xmlns="http://schemas.datacontract.org/2004/07/HP.ST.Fwk.DesignerModel">SapActivityTranslator</TranslationID><Visible xmlns="http://schemas.datacontract.org/2004/07/HP.ST.Fwk.DesignerModel">true</Visible><toolboxPresenterId z:Id="46" xmlns="http://schemas.datacontract.org/2004/07/HP.ST.Fwk.DesignerModel">HP.ST.SapActivityPresenter</toolboxPresenterId><Alerts z:Id="47" xmlns="http://schemas.datacontract.org/2004/07/HP.ST.Fwk.DesignerModel"><Parent z:Ref="1" i:nil="true"/><canBeArrayCheckPoint>false</canBeArrayCheckPoint><canBeCheckPoint>false</canBeCheckPoint><canBeDestination>false</canBeDestination><canBeSource>false</canBeSource><displayName z:Id="48">Alerts</displayName><expandDepth>-1</expandDepth><isJsonSection>false</isJsonSection><isSharedMetaData>true</isSharedMetaData><loadFromReplayEnabled i:nil="true"/><name z:Ref="48" i:nil="true"/><propertiesType i:nil="true"/><showXmlControls>false</showXmlControls><_constraints z:Id="49"><_items z:Id="50" z:Size="4"><ActivityConstraintBase z:Id="51" z:Type="HP.ST.Fwk.DesignerModel.ActivityNullValueConstraint" z:Assembly="HP.ST.Fwk.DesignerModel, Version=11.0.0.0, Culture=neutral, PublicKeyToken=a55d8ef45e7637d3"><Description z:Id="52">To run the SAP activity step, provide a value for the Server field  in the Property Sheet.</Description><SectionName z:Id="53">GeneralProperties</SectionName><TargetPath z:Id="54">/ConnectionInfo[1]/Server[1]</TargetPath><WarningLevel>Error</WarningLevel></ActivityConstraintBase><ActivityConstraintBase z:Id="55" z:Type="HP.ST.Fwk.DesignerModel.ActivityNullValueConstraint" z:Assembly="HP.ST.Fwk.DesignerModel, Version=11.0.0.0, Culture=neutral, PublicKeyToken=a55d8ef45e7637d3"><Description z:Id="56">To run the SAP activity step, provide a value for the System Number field  in the Property Sheet.</Description><SectionName z:Id="57">GeneralProperties</SectionName><TargetPath z:Id="58">/ConnectionInfo[1]/SystemNumber[1]</TargetPath><WarningLevel>Error</WarningLevel></ActivityConstraintBase><ActivityConstraintBase z:Id="59" z:Type="HP.ST.Fwk.DesignerModel.ActivityNullValueConstraint" z:Assembly="HP.ST.Fwk.DesignerModel, Version=11.0.0.0, Culture=neutral, PublicKeyToken=a55d8ef45e7637d3"><Description z:Id="60">To run the SAP activity step, provide a value for the Client field  in the Property Sheet.</Description><SectionName z:Id="61">GeneralProperties</SectionName><TargetPath z:Id="62">/ConnectionInfo[1]/Client[1]</TargetPath><WarningLevel>Error</WarningLevel></ActivityConstraintBase><ActivityConstraintBase z:Id="63" z:Type="HP.ST.Fwk.DesignerModel.ActivityNullValueConstraint" z:Assembly="HP.ST.Fwk.DesignerModel, Version=11.0.0.0, Culture=neutral, PublicKeyToken=a55d8ef45e7637d3"><Description z:Id="64">To run the SAP activity step, provide a value for the Username field  in the Property Sheet.</Description><SectionName z:Id="65">GeneralProperties</SectionName><TargetPath z:Id="66">/ConnectionInfo[1]/Username[1]</TargetPath><WarningLevel>Error</WarningLevel></ActivityConstraintBase></_items><_size>4</_size><_version>4</_version></_constraints></Alerts><GeneralProperties z:Id="67" xmlns="http://schemas.datacontract.org/2004/07/HP.ST.Fwk.DesignerModel"><Parent z:Ref="1" i:nil="true"/><canBeArrayCheckPoint>false</canBeArrayCheckPoint><canBeCheckPoint>false</canBeCheckPoint><canBeDestination>false</canBeDestination><canBeSource>true</canBeSource><displayName z:Id="68">General properties</displayName><expandDepth>-1</expandDepth><isJsonSection>false</isJsonSection><isSharedMetaData>true</isSharedMetaData><loadFromReplayEnabled i:nil="true"/><name z:Id="69">GeneralProperties</name><propertiesType z:Id="70">.NET</propertiesType><showXmlControls>false</showXmlControls><AdditionalSchemas i:nil="true" xmlns:a="http://schemas.microsoft.com/2003/10/Serialization/Arrays"/><SectionSchema z:Id="71">&lt;Section name="GeneralProperties" source="true" isSharedMetaData="true" displayName="General properties"&gt;&lt;xs:schema xmlns:xs="http://www.w3.org/2001/XMLSchema" xmlns:types="http://hp.vtd.schemas/types/v1.0"&gt;&lt;xs:import namespace="http://hp.vtd.schemas/types/v1.0" schemaLocation="..\..\..\dat\schemas\Types.xsd" /&gt;&lt;xs:element name="Arguments" types:displayName="Properties"&gt;&lt;xs:complexType&gt;&lt;xs:sequence&gt;&lt;xs:element name="StepId" type="xs:string" types:readonly="true" types:argType="xml" types:displayName="Step Id" /&gt;&lt;xs:element name="Name" default="BAPI_MATERIAL_EXISTENCECHECK" type="xs:string" types:destination="false" types:displayName="Name" /&gt;&lt;xs:element name="FunctionName" types:readonly="true" default="BAPI_MATERIAL_EXISTENCECHECK" type="xs:string" types:argType="xml" types:configurable="true" types:displayName="Function name" /&gt;&lt;xs:element name="Timeout" types:displayName="Timeout" type="xs:int" default="100000"&gt;&lt;xs:annotation&gt;&lt;xs:documentation&gt;Time for performing RFC in ms&lt;/xs:documentation&gt;&lt;/xs:annotation&gt;&lt;/xs:element&gt;&lt;xs:element name="ExpectException" type="xs:boolean" types:displayName="Expect Exception" types:configurable="false" /&gt;&lt;xs:element name="ConnectionInfo"&gt;&lt;xs:complexType&gt;&lt;xs:sequence&gt;&lt;xs:element name="Server" type="xs:string" default="10.0.16.14" types:argType="xml" types:displayName="Server" /&gt;&lt;xs:element name="SystemNumber" type="xs:string" default="00" types:argType="xml" types:displayName="System number" /&gt;&lt;xs:element name="Client" type="xs:string" default="800" types:argType="xml" types:displayName="Client" /&gt;&lt;xs:element name="Username" type="xs:string" default="testuser" types:argType="xml" types:displayName="Username" /&gt;&lt;xs:element name="Password" type="xs:string" default="UNrrTkMjzFU310JjDiPgdw==" types:argType="xml" types:displayName="Password" types:masked="true" /&gt;&lt;/xs:sequence&gt;&lt;/xs:complexType&gt;&lt;/xs:element&gt;&lt;xs:element name="UseTransaction" types:displayName="Transaction" type="xs:boolean" types:visible="true" types:source="true"&gt;&lt;xs:annotation&gt;&lt;xs:documentation&gt;Transaction&lt;/xs:documentation&gt;&lt;/xs:annotation&gt;&lt;/xs:element&gt;&lt;/xs:sequence&gt;&lt;/xs:complexType&gt;&lt;/xs:element&gt;&lt;/xs:schema&gt;&lt;/Section&gt;</SectionSchema><gridMetaData i:nil="true" xmlns:a="http://schemas.datacontract.org/2004/07/HP.ST.Fwk.DesignerModel.XsdProperties"/></GeneralProperties><InputProperties z:Id="72" xmlns="http://schemas.datacontract.org/2004/07/HP.ST.Fwk.DesignerModel"><Parent z:Ref="1" i:nil="true"/><canBeArrayCheckPoint>false</canBeArrayCheckPoint><canBeCheckPoint>false</canBeCheckPoint><canBeDestination>true</canBeDestination><canBeSource>true</canBeSource><displayName z:Id="73">Import</displayName><expandDepth>-1</expandDepth><isJsonSection>false</isJsonSection><isSharedMetaData>true</isSharedMetaData><loadFromReplayEnabled i:nil="true"/><name z:Id="74">InputProperties</name><propertiesType z:Id="75">XML</propertiesType><showXmlControls>true</showXmlControls><AdditionalSchemas i:nil="true" xmlns:a="http://schemas.microsoft.com/2003/10/Serialization/Arrays"/><SectionSchema z:Id="76">&lt;Section name="InputProperties" source="true" dest="true" propertiesType="XML" showXmlControls="true" isSharedMetaData="true" displayName="Import"&gt;&lt;xs:schema xmlns:xs="http://www.w3.org/2001/XMLSchema"&gt;&lt;xs:import schemaLocation="..\..\..\dat\schemas\Types.xsd" namespace="http://hp.vtd.schemas/types/v1.0" /&gt;&lt;xs:element name="Request"&gt;&lt;xs:complexType&gt;&lt;xs:sequence&gt;&lt;xs:element name="Imports"&gt;&lt;xs:complexType&gt;&lt;xs:sequence&gt;&lt;xs:element minOccurs="1" name="MATERIAL"&gt;&lt;xs:annotation&gt;&lt;xs:documentation&gt;Material No.
The string cannot exceed 18 characters.&lt;/xs:documentation&gt;&lt;/xs:annotation&gt;&lt;xs:simpleType&gt;&lt;xs:restriction base="xs:string"&gt;&lt;xs:maxLength value="18" /&gt;&lt;/xs:restriction&gt;&lt;/xs:simpleType&gt;&lt;/xs:element&gt;&lt;xs:element minOccurs="0" name="MATERIAL_EVG"&gt;&lt;xs:annotation&gt;&lt;xs:documentation&gt;Material No.&lt;/xs:documentation&gt;&lt;/xs:annotation&gt;&lt;xs:complexType&gt;&lt;xs:sequence&gt;&lt;xs:element name="MATERIAL_EXT"&gt;&lt;xs:annotation&gt;&lt;xs:documentation&gt;External Long Material Number
The string cannot exceed 40 characters.&lt;/xs:documentation&gt;&lt;/xs:annotation&gt;&lt;xs:simpleType&gt;&lt;xs:restriction base="xs:string"&gt;&lt;xs:maxLength value="40" /&gt;&lt;/xs:restriction&gt;&lt;/xs:simpleType&gt;&lt;/xs:element&gt;&lt;xs:element name="MATERIAL_VERS"&gt;&lt;xs:annotation&gt;&lt;xs:documentation&gt;Material Version Number
The string cannot exceed 10 characters.&lt;/xs:documentation&gt;&lt;/xs:annotation&gt;&lt;xs:simpleType&gt;&lt;xs:restriction base="xs:string"&gt;&lt;xs:maxLength value="10" /&gt;&lt;/xs:restriction&gt;&lt;/xs:simpleType&gt;&lt;/xs:element&gt;&lt;xs:element name="MATERIAL_GUID"&gt;&lt;xs:annotation&gt;&lt;xs:documentation&gt;Material number (external GUID)
The string cannot exceed 32 characters.&lt;/xs:documentation&gt;&lt;/xs:annotation&gt;&lt;xs:simpleType&gt;&lt;xs:restriction base="xs:string"&gt;&lt;xs:maxLength value="32" /&gt;&lt;/xs:restriction&gt;&lt;/xs:simpleType&gt;&lt;/xs:element&gt;&lt;/xs:sequence&gt;&lt;/xs:complexType&gt;&lt;/xs:element&gt;&lt;/xs:sequence&gt;&lt;/xs:complexType&gt;&lt;/xs:element&gt;&lt;/xs:sequence&gt;&lt;/xs:complexType&gt;&lt;/xs:element&gt;&lt;/xs:schema&gt;&lt;/Section&gt;</SectionSchema><gridMetaData i:nil="true" xmlns:a="http://schemas.datacontract.org/2004/07/HP.ST.Fwk.DesignerModel.XsdProperties"/></InputProperties><OutputProperties z:Id="77" xmlns="http://schemas.datacontract.org/2004/07/HP.ST.Fwk.DesignerModel"><Parent z:Ref="1" i:nil="true"/><canBeArrayCheckPoint>true</canBeArrayCheckPoint><canBeCheckPoint>true</canBeCheckPoint><canBeDestination>true</canBeDestination><canBeSource>true</canBeSource><displayName z:Id="78">Export</displayName><expandDepth>-1</expandDepth><isJsonSection>false</isJsonSection><isSharedMetaData>true</isSharedMetaData><loadFromReplayEnabled i:nil="true"/><name z:Id="79">OutputProperties</name><propertiesType z:Id="80">XML</propertiesType><showXmlControls>true</showXmlControls><AdditionalSchemas i:nil="true" xmlns:a="http://schemas.microsoft.com/2003/10/Serialization/Arrays"/><SectionSchema z:Id="81">&lt;Section name="OutputProperties" source="true" dest="true" checkPoint="true" propertiesType="XML" showXmlControls="true" isSharedMetaData="true" arrayCheckPoint="true" displayName="Export"&gt;&lt;xs:schema xmlns:xs="http://www.w3.org/2001/XMLSchema"&gt;&lt;xs:import schemaLocation="..\..\..\dat\schemas\Types.xsd" namespace="http://hp.vtd.schemas/types/v1.0" /&gt;&lt;xs:element name="Response"&gt;&lt;xs:complexType&gt;&lt;xs:sequence&gt;&lt;xs:element name="Exports"&gt;&lt;xs:complexType&gt;&lt;xs:sequence&gt;&lt;xs:element minOccurs="1" name="DELETION_FLAG"&gt;&lt;xs:annotation&gt;&lt;xs:documentation&gt;Material is flagged for deletion
The string must be a single character.&lt;/xs:documentation&gt;&lt;/xs:annotation&gt;&lt;xs:simpleType&gt;&lt;xs:restriction base="xs:string"&gt;&lt;xs:maxLength value="1" /&gt;&lt;/xs:restriction&gt;&lt;/xs:simpleType&gt;&lt;/xs:element&gt;&lt;xs:element minOccurs="1" name="RETURN"&gt;&lt;xs:annotation&gt;&lt;xs:documentation&gt;Return Parameter&lt;/xs:documentation&gt;&lt;/xs:annotation&gt;&lt;xs:complexType&gt;&lt;xs:sequence&gt;&lt;xs:element name="TYPE"&gt;&lt;xs:annotation&gt;&lt;xs:documentation&gt;Message type: S Success, E Error, W Warning, I Info, A Abort
The string must be a single character.&lt;/xs:documentation&gt;&lt;/xs:annotation&gt;&lt;xs:simpleType&gt;&lt;xs:restriction base="xs:string"&gt;&lt;xs:maxLength value="1" /&gt;&lt;/xs:restriction&gt;&lt;/xs:simpleType&gt;&lt;/xs:element&gt;&lt;xs:element name="ID"&gt;&lt;xs:annotation&gt;&lt;xs:documentation&gt;Message Class
The string cannot exceed 20 characters.&lt;/xs:documentation&gt;&lt;/xs:annotation&gt;&lt;xs:simpleType&gt;&lt;xs:restriction base="xs:string"&gt;&lt;xs:maxLength value="20" /&gt;&lt;/xs:restriction&gt;&lt;/xs:simpleType&gt;&lt;/xs:element&gt;&lt;xs:element name="NUMBER"&gt;&lt;xs:annotation&gt;&lt;xs:documentation&gt;Message Number
The integer cannot exceed 3 digits.&lt;/xs:documentation&gt;&lt;/xs:annotation&gt;&lt;xs:simpleType&gt;&lt;xs:restriction xmlns:q1="http://hp.vtd.schemas/types/v1.0" base="q1:numc"&gt;&lt;xs:maxLength value="3" /&gt;&lt;/xs:restriction&gt;&lt;/xs:simpleType&gt;&lt;/xs:element&gt;&lt;xs:element name="MESSAGE"&gt;&lt;xs:annotation&gt;&lt;xs:documentation&gt;Message Text
The string cannot exceed 220 characters.&lt;/xs:documentation&gt;&lt;/xs:annotation&gt;&lt;xs:simpleType&gt;&lt;xs:restriction base="xs:string"&gt;&lt;xs:maxLength value="220" /&gt;&lt;/xs:restriction&gt;&lt;/xs:simpleType&gt;&lt;/xs:element&gt;&lt;xs:element name="LOG_NO"&gt;&lt;xs:annotation&gt;&lt;xs:documentation&gt;Application log: log number
The string cannot exceed 20 characters.&lt;/xs:documentation&gt;&lt;/xs:annotation&gt;&lt;xs:simpleType&gt;&lt;xs:restriction base="xs:string"&gt;&lt;xs:maxLength value="20" /&gt;&lt;/xs:restriction&gt;&lt;/xs:simpleType&gt;&lt;/xs:element&gt;&lt;xs:element name="LOG_MSG_NO"&gt;&lt;xs:annotation&gt;&lt;xs:documentation&gt;Application log: Internal message serial number
The integer cannot exceed 6 digits.&lt;/xs:documentation&gt;&lt;/xs:annotation&gt;&lt;xs:simpleType&gt;&lt;xs:restriction xmlns:q2="http://hp.vtd.schemas/types/v1.0" base="q2:numc"&gt;&lt;xs:maxLength value="6" /&gt;&lt;/xs:restriction&gt;&lt;/xs:simpleType&gt;&lt;/xs:element&gt;&lt;xs:element name="MESSAGE_V1"&gt;&lt;xs:annotation&gt;&lt;xs:documentation&gt;Message Variable
The string cannot exceed 50 characters.&lt;/xs:documentation&gt;&lt;/xs:annotation&gt;&lt;xs:simpleType&gt;&lt;xs:restriction base="xs:string"&gt;&lt;xs:maxLength value="50" /&gt;&lt;/xs:restriction&gt;&lt;/xs:simpleType&gt;&lt;/xs:element&gt;&lt;xs:element name="MESSAGE_V2"&gt;&lt;xs:annotation&gt;&lt;xs:documentation&gt;Message Variable
The string cannot exceed 50 characters.&lt;/xs:documentation&gt;&lt;/xs:annotation&gt;&lt;xs:simpleType&gt;&lt;xs:restriction base="xs:string"&gt;&lt;xs:maxLength value="50" /&gt;&lt;/xs:restriction&gt;&lt;/xs:simpleType&gt;&lt;/xs:element&gt;&lt;xs:element name="MESSAGE_V3"&gt;&lt;xs:annotation&gt;&lt;xs:documentation&gt;Message Variable
The string cannot exceed 50 characters.&lt;/xs:documentation&gt;&lt;/xs:annotation&gt;&lt;xs:simpleType&gt;&lt;xs:restriction base="xs:string"&gt;&lt;xs:maxLength value="50" /&gt;&lt;/xs:restriction&gt;&lt;/xs:simpleType&gt;&lt;/xs:element&gt;&lt;xs:element name="MESSAGE_V4"&gt;&lt;xs:annotation&gt;&lt;xs:documentation&gt;Message Variable
The string cannot exceed 50 characters.&lt;/xs:documentation&gt;&lt;/xs:annotation&gt;&lt;xs:simpleType&gt;&lt;xs:restriction base="xs:string"&gt;&lt;xs:maxLength value="50" /&gt;&lt;/xs:restriction&gt;&lt;/xs:simpleType&gt;&lt;/xs:element&gt;&lt;/xs:sequence&gt;&lt;/xs:complexType&gt;&lt;/xs:element&gt;&lt;/xs:sequence&gt;&lt;/xs:complexType&gt;&lt;/xs:element&gt;&lt;/xs:sequence&gt;&lt;/xs:complexType&gt;&lt;/xs:element&gt;&lt;/xs:schema&gt;&lt;/Section&gt;</SectionSchema><gridMetaData i:nil="true" xmlns:a="http://schemas.datacontract.org/2004/07/HP.ST.Fwk.DesignerModel.XsdProperties"/></OutputProperties><OutputXPathProperties z:Id="82" xmlns="http://schemas.datacontract.org/2004/07/HP.ST.Fwk.DesignerModel"><Parent i:nil="true"/><canBeArrayCheckPoint>false</canBeArrayCheckPoint><canBeCheckPoint>true</canBeCheckPoint><canBeDestination>true</canBeDestination><canBeSource>false</canBeSource><displayName z:Id="83">XPath Checkpoints</displayName><expandDepth>-1</expandDepth><isJsonSection>false</isJsonSection><isSharedMetaData>false</isSharedMetaData><loadFromReplayEnabled i:nil="true"/><name z:Id="84">OutputXpathProperties</name><propertiesType i:nil="true"/><showXmlControls>false</showXmlControls><AdditionalSchemas i:nil="true" xmlns:a="http://schemas.microsoft.com/2003/10/Serialization/Arrays"/><SectionSchema i:nil="true"/><gridMetaData i:nil="true" xmlns:a="http://schemas.datacontract.org/2004/07/HP.ST.Fwk.DesignerModel.XsdProperties"/></OutputXPathProperties><Client z:Id="85">800</Client><Password z:Id="86">UNrrTkMjzFU310JjDiPgdw==</Password><ServerDescription z:Id="87">ECC6</ServerDescription><ServerName z:Id="88">10.0.16.14</ServerName><SystemNumber z:Id="89">00</SystemNumber><User z:Id="90">testuser</User><FunctionName z:Id="91">BAPI_MATERIAL_EXISTENCECHECK</FunctionName></SapRfcMetaData>