<SapRfcMetaData z:Id="1" z:Type="HP.ST.Ext.SapModel.MetadataResources.SapRfcMetaData" z:Assembly="HP.ST.Ext.SapModel, Version=11.0.0.0, Culture=neutral, PublicKeyToken=a55d8ef45e7637d3" xmlns="http://schemas.datacontract.org/2004/07/HP.ST.Ext.SapModel.MetadataResources" xmlns:i="http://www.w3.org/2001/XMLSchema-instance" xmlns:z="http://schemas.microsoft.com/2003/10/Serialization/"><ID z:Id="2" xmlns="http://schemas.datacontract.org/2004/07/HP.ST.Fwk.DesignerModel">8133d85d_24ad_47c8_97aa_d126091ae4a1</ID><Parent i:nil="true" xmlns="http://schemas.datacontract.org/2004/07/HP.ST.Fwk.DesignerModel"/><addinID z:Id="3" xmlns="http://schemas.datacontract.org/2004/07/HP.ST.Fwk.DesignerModel">HP.ST.SapRfc</addinID><addinVersion z:Id="4" xmlns="http://schemas.datacontract.org/2004/07/HP.ST.Fwk.DesignerModel">11.51.1546.0</addinVersion><children z:Id="5" xmlns="http://schemas.datacontract.org/2004/07/HP.ST.Fwk.DesignerModel"><items z:Id="6" z:Type="System.Collections.Generic.List`1[[HP.ST.Fwk.DesignerModel.TestResource, HP.ST.Fwk.DesignerModel, Version=11.0.0.0, Culture=neutral, PublicKeyToken=a55d8ef45e7637d3]]" z:Assembly="0"><_items z:Id="7" z:Size="0"/><_size>0</_size><_version>0</_version></items><_monitor z:Id="8" xmlns:a="http://schemas.datacontract.org/2004/07/System.Collections.ObjectModel"><a:_busyCount>0</a:_busyCount></_monitor></children><Group z:Id="9" xmlns="http://schemas.datacontract.org/2004/07/HP.ST.Fwk.DesignerModel"/><CustomValue i:nil="true" xmlns="http://schemas.datacontract.org/2004/07/HP.ST.Fwk.DesignerModel"/><Description z:Id="10" xmlns="http://schemas.datacontract.org/2004/07/HP.ST.Fwk.DesignerModel">Determine Details for a Material</Description><DisplayName z:Id="11" xmlns="http://schemas.datacontract.org/2004/07/HP.ST.Fwk.DesignerModel">BAPI_MATERIAL_GET_DETAIL</DisplayName><Draggable xmlns="http://schemas.datacontract.org/2004/07/HP.ST.Fwk.DesignerModel">true</Draggable><EditablePrototype xmlns="http://schemas.datacontract.org/2004/07/HP.ST.Fwk.DesignerModel">false</EditablePrototype><Events z:Id="12" xmlns="http://schemas.datacontract.org/2004/07/HP.ST.Fwk.DesignerModel"><Parent z:Ref="1" i:nil="true"/><canBeArrayCheckPoint>false</canBeArrayCheckPoint><canBeCheckPoint>false</canBeCheckPoint><canBeDestination>false</canBeDestination><canBeSource>false</canBeSource><displayName z:Id="13">Events</displayName><expandDepth>-1</expandDepth><isJsonSection>false</isJsonSection><isSharedMetaData>true</isSharedMetaData><loadFromReplayEnabled i:nil="true"/><name z:Ref="13" i:nil="true"/><propertiesType i:nil="true"/><showXmlControls>false</showXmlControls><eventsList z:Id="14"><_items z:Id="15" z:Size="4"><EventPropertyMetaData z:Id="16"><name z:Id="17">CodeCheckPointEvent</name><serializedParentSection z:Ref="12" i:nil="true"/><Description z:Id="18">Code CheckPoint Event</Description><EventArgs z:Id="19">CheckpointEventArgs</EventArgs><example i:nil="true"/></EventPropertyMetaData><EventPropertyMetaData z:Id="20"><name z:Id="21">BeforeExecuteStepEvent</name><serializedParentSection z:Ref="12" i:nil="true"/><Description z:Id="22">Before Execute Step Event</Description><EventArgs z:Id="23">STActivityBaseEventArgs</EventArgs><example i:nil="true"/></EventPropertyMetaData><EventPropertyMetaData z:Id="24"><name z:Id="25">AfterExecuteStepEvent</name><serializedParentSection z:Ref="12" i:nil="true"/><Description z:Id="26">After Execute Step Event</Description><EventArgs z:Id="27">STActivityBaseEventArgs</EventArgs><example i:nil="true"/></EventPropertyMetaData><EventPropertyMetaData i:nil="true"/></_items><_size>3</_size><_version>3</_version></eventsList></Events><IconPath z:Id="28" xmlns="http://schemas.datacontract.org/2004/07/HP.ST.Fwk.DesignerModel">ictb_sap_rfc_16.png</IconPath><RunTimeAssemblyName z:Id="29" xmlns="http://schemas.datacontract.org/2004/07/HP.ST.Fwk.DesignerModel">HP.ST.Ext.SapRT.dll</RunTimeAssemblyName><RunTimeClassName z:Id="30" xmlns="http://schemas.datacontract.org/2004/07/HP.ST.Fwk.DesignerModel">HP.ST.Ext.SapRT.Activities.RfcCallActivityRT</RunTimeClassName><SupportedTestTypes z:Id="31" xmlns="http://schemas.datacontract.org/2004/07/HP.ST.Fwk.DesignerModel">all</SupportedTestTypes><Tabs z:Id="32" xmlns="http://schemas.datacontract.org/2004/07/HP.ST.Fwk.DesignerModel"><Parent z:Ref="1" i:nil="true"/><canBeArrayCheckPoint>false</canBeArrayCheckPoint><canBeCheckPoint>false</canBeCheckPoint><canBeDestination>false</canBeDestination><canBeSource>false</canBeSource><displayName z:Id="33">Tabs</displayName><expandDepth>-1</expandDepth><isJsonSection>false</isJsonSection><isSharedMetaData>false</isSharedMetaData><loadFromReplayEnabled i:nil="true"/><name z:Ref="33" i:nil="true"/><propertiesType i:nil="true"/><showXmlControls>false</showXmlControls><sectionTabs z:Id="34"><_items z:Id="35" z:Size="4"><TabPropertyMetaData z:Id="36"><name z:Id="37">General</name><serializedParentSection z:Ref="32" i:nil="true"/><CanBeInDataLinkDialog>true</CanBeInDataLinkDialog><CanBeInPropertySheet>true</CanBeInPropertySheet><CanBeInToolbox>true</CanBeInToolbox><Id z:Id="38">GeneralTab</Id></TabPropertyMetaData><TabPropertyMetaData z:Id="39"><name z:Id="40">InputOutput</name><serializedParentSection z:Ref="32" i:nil="true"/><CanBeInDataLinkDialog>true</CanBeInDataLinkDialog><CanBeInPropertySheet>true</CanBeInPropertySheet><CanBeInToolbox>true</CanBeInToolbox><Id z:Id="41">InputOutputTab</Id></TabPropertyMetaData><TabPropertyMetaData z:Id="42"><name z:Id="43">Events</name><serializedParentSection z:Ref="32" i:nil="true"/><CanBeInDataLinkDialog>false</CanBeInDataLinkDialog><CanBeInPropertySheet>true</CanBeInPropertySheet><CanBeInToolbox>true</CanBeInToolbox><Id z:Id="44">EventsTab</Id></TabPropertyMetaData><TabPropertyMetaData i:nil="true"/></_items><_size>3</_size><_version>3</_version></sectionTabs></Tabs><TranslationID z:Id="45" xmlns="http://schemas.datacontract.org/2004/07/HP.ST.Fwk.DesignerModel">SapActivityTranslator</TranslationID><Visible xmlns="http://schemas.datacontract.org/2004/07/HP.ST.Fwk.DesignerModel">true</Visible><toolboxPresenterId z:Id="46" xmlns="http://schemas.datacontract.org/2004/07/HP.ST.Fwk.DesignerModel">HP.ST.SapActivityPresenter</toolboxPresenterId><Alerts z:Id="47" xmlns="http://schemas.datacontract.org/2004/07/HP.ST.Fwk.DesignerModel"><Parent z:Ref="1" i:nil="true"/><canBeArrayCheckPoint>false</canBeArrayCheckPoint><canBeCheckPoint>false</canBeCheckPoint><canBeDestination>false</canBeDestination><canBeSource>false</canBeSource><displayName z:Id="48">Alerts</displayName><expandDepth>-1</expandDepth><isJsonSection>false</isJsonSection><isSharedMetaData>true</isSharedMetaData><loadFromReplayEnabled i:nil="true"/><name z:Ref="48" i:nil="true"/><propertiesType i:nil="true"/><showXmlControls>false</showXmlControls><_constraints z:Id="49"><_items z:Id="50" z:Size="4"><ActivityConstraintBase z:Id="51" z:Type="HP.ST.Fwk.DesignerModel.ActivityNullValueConstraint" z:Assembly="HP.ST.Fwk.DesignerModel, Version=11.0.0.0, Culture=neutral, PublicKeyToken=a55d8ef45e7637d3"><Description z:Id="52">To run the SAP activity step, provide a value for the Server field  in the Property Sheet.</Description><SectionName z:Id="53">GeneralProperties</SectionName><TargetPath z:Id="54">/ConnectionInfo[1]/Server[1]</TargetPath><WarningLevel>Error</WarningLevel></ActivityConstraintBase><ActivityConstraintBase z:Id="55" z:Type="HP.ST.Fwk.DesignerModel.ActivityNullValueConstraint" z:Assembly="HP.ST.Fwk.DesignerModel, Version=11.0.0.0, Culture=neutral, PublicKeyToken=a55d8ef45e7637d3"><Description z:Id="56">To run the SAP activity step, provide a value for the System Number field  in the Property Sheet.</Description><SectionName z:Id="57">GeneralProperties</SectionName><TargetPath z:Id="58">/ConnectionInfo[1]/SystemNumber[1]</TargetPath><WarningLevel>Error</WarningLevel></ActivityConstraintBase><ActivityConstraintBase z:Id="59" z:Type="HP.ST.Fwk.DesignerModel.ActivityNullValueConstraint" z:Assembly="HP.ST.Fwk.DesignerModel, Version=11.0.0.0, Culture=neutral, PublicKeyToken=a55d8ef45e7637d3"><Description z:Id="60">To run the SAP activity step, provide a value for the Client field  in the Property Sheet.</Description><SectionName z:Id="61">GeneralProperties</SectionName><TargetPath z:Id="62">/ConnectionInfo[1]/Client[1]</TargetPath><WarningLevel>Error</WarningLevel></ActivityConstraintBase><ActivityConstraintBase z:Id="63" z:Type="HP.ST.Fwk.DesignerModel.ActivityNullValueConstraint" z:Assembly="HP.ST.Fwk.DesignerModel, Version=11.0.0.0, Culture=neutral, PublicKeyToken=a55d8ef45e7637d3"><Description z:Id="64">To run the SAP activity step, provide a value for the Username field  in the Property Sheet.</Description><SectionName z:Id="65">GeneralProperties</SectionName><TargetPath z:Id="66">/ConnectionInfo[1]/Username[1]</TargetPath><WarningLevel>Error</WarningLevel></ActivityConstraintBase></_items><_size>4</_size><_version>4</_version></_constraints></Alerts><GeneralProperties z:Id="67" xmlns="http://schemas.datacontract.org/2004/07/HP.ST.Fwk.DesignerModel"><Parent z:Ref="1" i:nil="true"/><canBeArrayCheckPoint>false</canBeArrayCheckPoint><canBeCheckPoint>false</canBeCheckPoint><canBeDestination>false</canBeDestination><canBeSource>true</canBeSource><displayName z:Id="68">General properties</displayName><expandDepth>-1</expandDepth><isJsonSection>false</isJsonSection><isSharedMetaData>true</isSharedMetaData><loadFromReplayEnabled i:nil="true"/><name z:Id="69">GeneralProperties</name><propertiesType z:Id="70">.NET</propertiesType><showXmlControls>false</showXmlControls><AdditionalSchemas i:nil="true" xmlns:a="http://schemas.microsoft.com/2003/10/Serialization/Arrays"/><SectionSchema z:Id="71">&lt;Section name="GeneralProperties" source="true" isSharedMetaData="true" displayName="General properties"&gt;&lt;xs:schema xmlns:xs="http://www.w3.org/2001/XMLSchema" xmlns:types="http://hp.vtd.schemas/types/v1.0"&gt;&lt;xs:import namespace="http://hp.vtd.schemas/types/v1.0" schemaLocation="..\..\..\dat\schemas\Types.xsd" /&gt;&lt;xs:element name="Arguments" types:displayName="Properties"&gt;&lt;xs:complexType&gt;&lt;xs:sequence&gt;&lt;xs:element name="StepId" type="xs:string" types:readonly="true" types:argType="xml" types:displayName="Step Id" /&gt;&lt;xs:element name="Name" default="BAPI_MATERIAL_GET_DETAIL" type="xs:string" types:destination="false" types:displayName="Name" /&gt;&lt;xs:element name="FunctionName" types:readonly="true" default="BAPI_MATERIAL_GET_DETAIL" type="xs:string" types:argType="xml" types:configurable="true" types:displayName="Function name" /&gt;&lt;xs:element name="Timeout" types:displayName="Timeout" type="xs:int" default="100000"&gt;&lt;xs:annotation&gt;&lt;xs:documentation&gt;Time for performing RFC in ms&lt;/xs:documentation&gt;&lt;/xs:annotation&gt;&lt;/xs:element&gt;&lt;xs:element name="ExpectException" type="xs:boolean" types:displayName="Expect Exception" types:configurable="false" /&gt;&lt;xs:element name="ConnectionInfo"&gt;&lt;xs:complexType&gt;&lt;xs:sequence&gt;&lt;xs:element name="Server" type="xs:string" default="10.0.16.14" types:argType="xml" types:displayName="Server" /&gt;&lt;xs:element name="SystemNumber" type="xs:string" default="00" types:argType="xml" types:displayName="System number" /&gt;&lt;xs:element name="Client" type="xs:string" default="800" types:argType="xml" types:displayName="Client" /&gt;&lt;xs:element name="Username" type="xs:string" default="testuser" types:argType="xml" types:displayName="Username" /&gt;&lt;xs:element name="Password" type="xs:string" default="UNrrTkMjzFU310JjDiPgdw==" types:argType="xml" types:displayName="Password" types:masked="true" /&gt;&lt;/xs:sequence&gt;&lt;/xs:complexType&gt;&lt;/xs:element&gt;&lt;xs:element name="UseTransaction" types:displayName="Transaction" type="xs:boolean" types:visible="true" types:source="true"&gt;&lt;xs:annotation&gt;&lt;xs:documentation&gt;Transaction&lt;/xs:documentation&gt;&lt;/xs:annotation&gt;&lt;/xs:element&gt;&lt;/xs:sequence&gt;&lt;/xs:complexType&gt;&lt;/xs:element&gt;&lt;/xs:schema&gt;&lt;/Section&gt;</SectionSchema><gridMetaData i:nil="true" xmlns:a="http://schemas.datacontract.org/2004/07/HP.ST.Fwk.DesignerModel.XsdProperties"/></GeneralProperties><InputProperties z:Id="72" xmlns="http://schemas.datacontract.org/2004/07/HP.ST.Fwk.DesignerModel"><Parent z:Ref="1" i:nil="true"/><canBeArrayCheckPoint>false</canBeArrayCheckPoint><canBeCheckPoint>false</canBeCheckPoint><canBeDestination>true</canBeDestination><canBeSource>true</canBeSource><displayName z:Id="73">Import</displayName><expandDepth>-1</expandDepth><isJsonSection>false</isJsonSection><isSharedMetaData>true</isSharedMetaData><loadFromReplayEnabled i:nil="true"/><name z:Id="74">InputProperties</name><propertiesType z:Id="75">XML</propertiesType><showXmlControls>true</showXmlControls><AdditionalSchemas i:nil="true" xmlns:a="http://schemas.microsoft.com/2003/10/Serialization/Arrays"/><SectionSchema z:Id="76">&lt;Section name="InputProperties" source="true" dest="true" propertiesType="XML" showXmlControls="true" isSharedMetaData="true" displayName="Import"&gt;&lt;xs:schema xmlns:xs="http://www.w3.org/2001/XMLSchema"&gt;&lt;xs:import schemaLocation="..\..\..\dat\schemas\Types.xsd" namespace="http://hp.vtd.schemas/types/v1.0" /&gt;&lt;xs:element name="Request"&gt;&lt;xs:complexType&gt;&lt;xs:sequence&gt;&lt;xs:element name="Imports"&gt;&lt;xs:complexType&gt;&lt;xs:sequence&gt;&lt;xs:element minOccurs="1" name="MATERIAL"&gt;&lt;xs:annotation&gt;&lt;xs:documentation&gt;Material No.
The string cannot exceed 18 characters.&lt;/xs:documentation&gt;&lt;/xs:annotation&gt;&lt;xs:simpleType&gt;&lt;xs:restriction base="xs:string"&gt;&lt;xs:maxLength value="18" /&gt;&lt;/xs:restriction&gt;&lt;/xs:simpleType&gt;&lt;/xs:element&gt;&lt;xs:element minOccurs="0" name="MATERIAL_EVG"&gt;&lt;xs:annotation&gt;&lt;xs:documentation&gt;Valuation type&lt;/xs:documentation&gt;&lt;/xs:annotation&gt;&lt;xs:complexType&gt;&lt;xs:sequence&gt;&lt;xs:element name="MATERIAL_EXT"&gt;&lt;xs:annotation&gt;&lt;xs:documentation&gt;External Long Material Number
The string cannot exceed 40 characters.&lt;/xs:documentation&gt;&lt;/xs:annotation&gt;&lt;xs:simpleType&gt;&lt;xs:restriction base="xs:string"&gt;&lt;xs:maxLength value="40" /&gt;&lt;/xs:restriction&gt;&lt;/xs:simpleType&gt;&lt;/xs:element&gt;&lt;xs:element name="MATERIAL_VERS"&gt;&lt;xs:annotation&gt;&lt;xs:documentation&gt;Material Version Number
The string cannot exceed 10 characters.&lt;/xs:documentation&gt;&lt;/xs:annotation&gt;&lt;xs:simpleType&gt;&lt;xs:restriction base="xs:string"&gt;&lt;xs:maxLength value="10" /&gt;&lt;/xs:restriction&gt;&lt;/xs:simpleType&gt;&lt;/xs:element&gt;&lt;xs:element name="MATERIAL_GUID"&gt;&lt;xs:annotation&gt;&lt;xs:documentation&gt;Material number (external GUID)
The string cannot exceed 32 characters.&lt;/xs:documentation&gt;&lt;/xs:annotation&gt;&lt;xs:simpleType&gt;&lt;xs:restriction base="xs:string"&gt;&lt;xs:maxLength value="32" /&gt;&lt;/xs:restriction&gt;&lt;/xs:simpleType&gt;&lt;/xs:element&gt;&lt;/xs:sequence&gt;&lt;/xs:complexType&gt;&lt;/xs:element&gt;&lt;xs:element minOccurs="0" name="PLANT"&gt;&lt;xs:annotation&gt;&lt;xs:documentation&gt;Plant
The string cannot exceed 4 characters.&lt;/xs:documentation&gt;&lt;/xs:annotation&gt;&lt;xs:simpleType&gt;&lt;xs:restriction base="xs:string"&gt;&lt;xs:maxLength value="4" /&gt;&lt;/xs:restriction&gt;&lt;/xs:simpleType&gt;&lt;/xs:element&gt;&lt;xs:element minOccurs="0" name="VALUATIONAREA"&gt;&lt;xs:annotation&gt;&lt;xs:documentation&gt;Valuation area
The string cannot exceed 4 characters.&lt;/xs:documentation&gt;&lt;/xs:annotation&gt;&lt;xs:simpleType&gt;&lt;xs:restriction base="xs:string"&gt;&lt;xs:maxLength value="4" /&gt;&lt;/xs:restriction&gt;&lt;/xs:simpleType&gt;&lt;/xs:element&gt;&lt;xs:element minOccurs="0" name="VALUATIONTYPE"&gt;&lt;xs:annotation&gt;&lt;xs:documentation&gt;Valuation type
The string cannot exceed 10 characters.&lt;/xs:documentation&gt;&lt;/xs:annotation&gt;&lt;xs:simpleType&gt;&lt;xs:restriction base="xs:string"&gt;&lt;xs:maxLength value="10" /&gt;&lt;/xs:restriction&gt;&lt;/xs:simpleType&gt;&lt;/xs:element&gt;&lt;/xs:sequence&gt;&lt;/xs:complexType&gt;&lt;/xs:element&gt;&lt;/xs:sequence&gt;&lt;/xs:complexType&gt;&lt;/xs:element&gt;&lt;/xs:schema&gt;&lt;/Section&gt;</SectionSchema><gridMetaData i:nil="true" xmlns:a="http://schemas.datacontract.org/2004/07/HP.ST.Fwk.DesignerModel.XsdProperties"/></InputProperties><OutputProperties z:Id="77" xmlns="http://schemas.datacontract.org/2004/07/HP.ST.Fwk.DesignerModel"><Parent z:Ref="1" i:nil="true"/><canBeArrayCheckPoint>true</canBeArrayCheckPoint><canBeCheckPoint>true</canBeCheckPoint><canBeDestination>true</canBeDestination><canBeSource>true</canBeSource><displayName z:Id="78">Export</displayName><expandDepth>-1</expandDepth><isJsonSection>false</isJsonSection><isSharedMetaData>true</isSharedMetaData><loadFromReplayEnabled i:nil="true"/><name z:Id="79">OutputProperties</name><propertiesType z:Id="80">XML</propertiesType><showXmlControls>true</showXmlControls><AdditionalSchemas i:nil="true" xmlns:a="http://schemas.microsoft.com/2003/10/Serialization/Arrays"/><SectionSchema z:Id="81">&lt;Section name="OutputProperties" source="true" dest="true" checkPoint="true" propertiesType="XML" showXmlControls="true" isSharedMetaData="true" arrayCheckPoint="true" displayName="Export"&gt;&lt;xs:schema xmlns:xs="http://www.w3.org/2001/XMLSchema"&gt;&lt;xs:import schemaLocation="..\..\..\dat\schemas\Types.xsd" namespace="http://hp.vtd.schemas/types/v1.0" /&gt;&lt;xs:element name="Response"&gt;&lt;xs:complexType&gt;&lt;xs:sequence&gt;&lt;xs:element name="Exports"&gt;&lt;xs:complexType&gt;&lt;xs:sequence&gt;&lt;xs:element minOccurs="1" name="MATERIALPLANTDATA"&gt;&lt;xs:annotation&gt;&lt;xs:documentation&gt;Plant data&lt;/xs:documentation&gt;&lt;/xs:annotation&gt;&lt;xs:complexType&gt;&lt;xs:sequence&gt;&lt;xs:element name="PUR_GROUP"&gt;&lt;xs:annotation&gt;&lt;xs:documentation&gt;Purchasing Group
The string cannot exceed 3 characters.&lt;/xs:documentation&gt;&lt;/xs:annotation&gt;&lt;xs:simpleType&gt;&lt;xs:restriction base="xs:string"&gt;&lt;xs:maxLength value="3" /&gt;&lt;/xs:restriction&gt;&lt;/xs:simpleType&gt;&lt;/xs:element&gt;&lt;xs:element name="ISSUE_UNIT"&gt;&lt;xs:annotation&gt;&lt;xs:documentation&gt;Unit of issue
The string cannot exceed 3 characters.&lt;/xs:documentation&gt;&lt;/xs:annotation&gt;&lt;xs:simpleType&gt;&lt;xs:restriction base="xs:string"&gt;&lt;xs:maxLength value="3" /&gt;&lt;/xs:restriction&gt;&lt;/xs:simpleType&gt;&lt;/xs:element&gt;&lt;/xs:sequence&gt;&lt;/xs:complexType&gt;&lt;/xs:element&gt;&lt;xs:element minOccurs="1" name="MATERIALVALUATIONDATA"&gt;&lt;xs:annotation&gt;&lt;xs:documentation&gt;Valuation area data&lt;/xs:documentation&gt;&lt;/xs:annotation&gt;&lt;xs:complexType&gt;&lt;xs:sequence&gt;&lt;xs:element name="PRICE_CTRL"&gt;&lt;xs:annotation&gt;&lt;xs:documentation&gt;Price control indicator
The string must be a single character.&lt;/xs:documentation&gt;&lt;/xs:annotation&gt;&lt;xs:simpleType&gt;&lt;xs:restriction base="xs:string"&gt;&lt;xs:maxLength value="1" /&gt;&lt;/xs:restriction&gt;&lt;/xs:simpleType&gt;&lt;/xs:element&gt;&lt;xs:element name="MOVING_PR"&gt;&lt;xs:annotation&gt;&lt;xs:documentation&gt;Moving average price/periodic unit price
The number of digits to the right of the decimal point cannot exceed 4.&lt;/xs:documentation&gt;&lt;/xs:annotation&gt;&lt;xs:simpleType&gt;&lt;xs:restriction base="xs:decimal"&gt;&lt;xs:totalDigits value="23" /&gt;&lt;xs:fractionDigits value="4" /&gt;&lt;/xs:restriction&gt;&lt;/xs:simpleType&gt;&lt;/xs:element&gt;&lt;xs:element name="STD_PRICE"&gt;&lt;xs:annotation&gt;&lt;xs:documentation&gt;Standard price
The number of digits to the right of the decimal point cannot exceed 4.&lt;/xs:documentation&gt;&lt;/xs:annotation&gt;&lt;xs:simpleType&gt;&lt;xs:restriction base="xs:decimal"&gt;&lt;xs:totalDigits value="23" /&gt;&lt;xs:fractionDigits value="4" /&gt;&lt;/xs:restriction&gt;&lt;/xs:simpleType&gt;&lt;/xs:element&gt;&lt;xs:element name="PRICE_UNIT"&gt;&lt;xs:annotation&gt;&lt;xs:documentation&gt;Price Unit
The number of digits to the right of the decimal point cannot exceed 0.&lt;/xs:documentation&gt;&lt;/xs:annotation&gt;&lt;xs:simpleType&gt;&lt;xs:restriction base="xs:decimal"&gt;&lt;xs:totalDigits value="5" /&gt;&lt;xs:fractionDigits value="0" /&gt;&lt;/xs:restriction&gt;&lt;/xs:simpleType&gt;&lt;/xs:element&gt;&lt;xs:element name="CURRENCY"&gt;&lt;xs:annotation&gt;&lt;xs:documentation&gt;Currency Key
The string cannot exceed 5 characters.&lt;/xs:documentation&gt;&lt;/xs:annotation&gt;&lt;xs:simpleType&gt;&lt;xs:restriction base="xs:string"&gt;&lt;xs:maxLength value="5" /&gt;&lt;/xs:restriction&gt;&lt;/xs:simpleType&gt;&lt;/xs:element&gt;&lt;xs:element name="CURRENCY_ISO"&gt;&lt;xs:annotation&gt;&lt;xs:documentation&gt;ISO code currency
The string cannot exceed 3 characters.&lt;/xs:documentation&gt;&lt;/xs:annotation&gt;&lt;xs:simpleType&gt;&lt;xs:restriction base="xs:string"&gt;&lt;xs:maxLength value="3" /&gt;&lt;/xs:restriction&gt;&lt;/xs:simpleType&gt;&lt;/xs:element&gt;&lt;/xs:sequence&gt;&lt;/xs:complexType&gt;&lt;/xs:element&gt;&lt;xs:element minOccurs="1" name="MATERIAL_GENERAL_DATA"&gt;&lt;xs:annotation&gt;&lt;xs:documentation&gt;General material data&lt;/xs:documentation&gt;&lt;/xs:annotation&gt;&lt;xs:complexType&gt;&lt;xs:sequence&gt;&lt;xs:element name="MATL_DESC"&gt;&lt;xs:annotation&gt;&lt;xs:documentation&gt;Material Description (Short Text)
The string cannot exceed 40 characters.&lt;/xs:documentation&gt;&lt;/xs:annotation&gt;&lt;xs:simpleType&gt;&lt;xs:restriction base="xs:string"&gt;&lt;xs:maxLength value="40" /&gt;&lt;/xs:restriction&gt;&lt;/xs:simpleType&gt;&lt;/xs:element&gt;&lt;xs:element name="OLD_MAT_NO"&gt;&lt;xs:annotation&gt;&lt;xs:documentation&gt;Old material number
The string cannot exceed 18 characters.&lt;/xs:documentation&gt;&lt;/xs:annotation&gt;&lt;xs:simpleType&gt;&lt;xs:restriction base="xs:string"&gt;&lt;xs:maxLength value="18" /&gt;&lt;/xs:restriction&gt;&lt;/xs:simpleType&gt;&lt;/xs:element&gt;&lt;xs:element name="MATL_TYPE"&gt;&lt;xs:annotation&gt;&lt;xs:documentation&gt;Material Type
The string cannot exceed 4 characters.&lt;/xs:documentation&gt;&lt;/xs:annotation&gt;&lt;xs:simpleType&gt;&lt;xs:restriction base="xs:string"&gt;&lt;xs:maxLength value="4" /&gt;&lt;/xs:restriction&gt;&lt;/xs:simpleType&gt;&lt;/xs:element&gt;&lt;xs:element name="IND_SECTOR"&gt;&lt;xs:annotation&gt;&lt;xs:documentation&gt;Industry sector
The string must be a single character.&lt;/xs:documentation&gt;&lt;/xs:annotation&gt;&lt;xs:simpleType&gt;&lt;xs:restriction base="xs:string"&gt;&lt;xs:maxLength value="1" /&gt;&lt;/xs:restriction&gt;&lt;/xs:simpleType&gt;&lt;/xs:element&gt;&lt;xs:element name="DIVISION"&gt;&lt;xs:annotation&gt;&lt;xs:documentation&gt;Division
The string cannot exceed 2 characters.&lt;/xs:documentation&gt;&lt;/xs:annotation&gt;&lt;xs:simpleType&gt;&lt;xs:restriction base="xs:string"&gt;&lt;xs:maxLength value="2" /&gt;&lt;/xs:restriction&gt;&lt;/xs:simpleType&gt;&lt;/xs:element&gt;&lt;xs:element name="MATL_GROUP"&gt;&lt;xs:annotation&gt;&lt;xs:documentation&gt;Material Group
The string cannot exceed 9 characters.&lt;/xs:documentation&gt;&lt;/xs:annotation&gt;&lt;xs:simpleType&gt;&lt;xs:restriction base="xs:string"&gt;&lt;xs:maxLength value="9" /&gt;&lt;/xs:restriction&gt;&lt;/xs:simpleType&gt;&lt;/xs:element&gt;&lt;xs:element name="PROD_HIER"&gt;&lt;xs:annotation&gt;&lt;xs:documentation&gt;Product hierarchy
The string cannot exceed 18 characters.&lt;/xs:documentation&gt;&lt;/xs:annotation&gt;&lt;xs:simpleType&gt;&lt;xs:restriction base="xs:string"&gt;&lt;xs:maxLength value="18" /&gt;&lt;/xs:restriction&gt;&lt;/xs:simpleType&gt;&lt;/xs:element&gt;&lt;xs:element name="BASIC_MATL"&gt;&lt;xs:annotation&gt;&lt;xs:documentation&gt;Basic material (basic constituent of a material) - obsolete
The string cannot exceed 14 characters.&lt;/xs:documentation&gt;&lt;/xs:annotation&gt;&lt;xs:simpleType&gt;&lt;xs:restriction base="xs:string"&gt;&lt;xs:maxLength value="14" /&gt;&lt;/xs:restriction&gt;&lt;/xs:simpleType&gt;&lt;/xs:element&gt;&lt;xs:element name="STD_DESCR"&gt;&lt;xs:annotation&gt;&lt;xs:documentation&gt;Industry Standard Description (such as ANSI or ISO)
The string cannot exceed 18 characters.&lt;/xs:documentation&gt;&lt;/xs:annotation&gt;&lt;xs:simpleType&gt;&lt;xs:restriction base="xs:string"&gt;&lt;xs:maxLength value="18" /&gt;&lt;/xs:restriction&gt;&lt;/xs:simpleType&gt;&lt;/xs:element&gt;&lt;xs:element name="LAB_DESIGN"&gt;&lt;xs:annotation&gt;&lt;xs:documentation&gt;Laboratory/design office
The string cannot exceed 3 characters.&lt;/xs:documentation&gt;&lt;/xs:annotation&gt;&lt;xs:simpleType&gt;&lt;xs:restriction base="xs:string"&gt;&lt;xs:maxLength value="3" /&gt;&lt;/xs:restriction&gt;&lt;/xs:simpleType&gt;&lt;/xs:element&gt;&lt;xs:element name="PROD_MEMO"&gt;&lt;xs:annotation&gt;&lt;xs:documentation&gt;Production/inspection memo
The string cannot exceed 18 characters.&lt;/xs:documentation&gt;&lt;/xs:annotation&gt;&lt;xs:simpleType&gt;&lt;xs:restriction base="xs:string"&gt;&lt;xs:maxLength value="18" /&gt;&lt;/xs:restriction&gt;&lt;/xs:simpleType&gt;&lt;/xs:element&gt;&lt;xs:element name="PAGEFORMAT"&gt;&lt;xs:annotation&gt;&lt;xs:documentation&gt;Page Format of Production Memo
The string cannot exceed 4 characters.&lt;/xs:documentation&gt;&lt;/xs:annotation&gt;&lt;xs:simpleType&gt;&lt;xs:restriction base="xs:string"&gt;&lt;xs:maxLength value="4" /&gt;&lt;/xs:restriction&gt;&lt;/xs:simpleType&gt;&lt;/xs:element&gt;&lt;xs:element name="CONTAINER"&gt;&lt;xs:annotation&gt;&lt;xs:documentation&gt;Container requirements
The string cannot exceed 2 characters.&lt;/xs:documentation&gt;&lt;/xs:annotation&gt;&lt;xs:simpleType&gt;&lt;xs:restriction base="xs:string"&gt;&lt;xs:maxLength value="2" /&gt;&lt;/xs:restriction&gt;&lt;/xs:simpleType&gt;&lt;/xs:element&gt;&lt;xs:element name="STOR_CONDS"&gt;&lt;xs:annotation&gt;&lt;xs:documentation&gt;Storage conditions
The string cannot exceed 2 characters.&lt;/xs:documentation&gt;&lt;/xs:annotation&gt;&lt;xs:simpleType&gt;&lt;xs:restriction base="xs:string"&gt;&lt;xs:maxLength value="2" /&gt;&lt;/xs:restriction&gt;&lt;/xs:simpleType&gt;&lt;/xs:element&gt;&lt;xs:element name="TEMP_CONDS"&gt;&lt;xs:annotation&gt;&lt;xs:documentation&gt;Temperature conditions indicator
The string cannot exceed 2 characters.&lt;/xs:documentation&gt;&lt;/xs:annotation&gt;&lt;xs:simpleType&gt;&lt;xs:restriction base="xs:string"&gt;&lt;xs:maxLength value="2" /&gt;&lt;/xs:restriction&gt;&lt;/xs:simpleType&gt;&lt;/xs:element&gt;&lt;xs:element name="BASE_UOM"&gt;&lt;xs:annotation&gt;&lt;xs:documentation&gt;Base Unit of Measure
The string cannot exceed 3 characters.&lt;/xs:documentation&gt;&lt;/xs:annotation&gt;&lt;xs:simpleType&gt;&lt;xs:restriction base="xs:string"&gt;&lt;xs:maxLength value="3" /&gt;&lt;/xs:restriction&gt;&lt;/xs:simpleType&gt;&lt;/xs:element&gt;&lt;xs:element name="EAN_UPC"&gt;&lt;xs:annotation&gt;&lt;xs:documentation&gt;International Article Number (EAN/UPC)
The string cannot exceed 18 characters.&lt;/xs:documentation&gt;&lt;/xs:annotation&gt;&lt;xs:simpleType&gt;&lt;xs:restriction base="xs:string"&gt;&lt;xs:maxLength value="18" /&gt;&lt;/xs:restriction&gt;&lt;/xs:simpleType&gt;&lt;/xs:element&gt;&lt;xs:element name="EAN_CAT"&gt;&lt;xs:annotation&gt;&lt;xs:documentation&gt;Category of International Article Number (EAN)
The string cannot exceed 2 characters.&lt;/xs:documentation&gt;&lt;/xs:annotation&gt;&lt;xs:simpleType&gt;&lt;xs:restriction base="xs:string"&gt;&lt;xs:maxLength value="2" /&gt;&lt;/xs:restriction&gt;&lt;/xs:simpleType&gt;&lt;/xs:element&gt;&lt;xs:element name="SIZE_DIM"&gt;&lt;xs:annotation&gt;&lt;xs:documentation&gt;Size/dimensions
The string cannot exceed 32 characters.&lt;/xs:documentation&gt;&lt;/xs:annotation&gt;&lt;xs:simpleType&gt;&lt;xs:restriction base="xs:string"&gt;&lt;xs:maxLength value="32" /&gt;&lt;/xs:restriction&gt;&lt;/xs:simpleType&gt;&lt;/xs:element&gt;&lt;xs:element name="GROSS_WT"&gt;&lt;xs:annotation&gt;&lt;xs:documentation&gt;Gross Weight
The number of digits to the right of the decimal point cannot exceed 3.&lt;/xs:documentation&gt;&lt;/xs:annotation&gt;&lt;xs:simpleType&gt;&lt;xs:restriction base="xs:decimal"&gt;&lt;xs:totalDigits value="13" /&gt;&lt;xs:fractionDigits value="3" /&gt;&lt;/xs:restriction&gt;&lt;/xs:simpleType&gt;&lt;/xs:element&gt;&lt;xs:element name="NET_WEIGHT"&gt;&lt;xs:annotation&gt;&lt;xs:documentation&gt;Net Weight
The number of digits to the right of the decimal point cannot exceed 3.&lt;/xs:documentation&gt;&lt;/xs:annotation&gt;&lt;xs:simpleType&gt;&lt;xs:restriction base="xs:decimal"&gt;&lt;xs:totalDigits value="13" /&gt;&lt;xs:fractionDigits value="3" /&gt;&lt;/xs:restriction&gt;&lt;/xs:simpleType&gt;&lt;/xs:element&gt;&lt;xs:element name="UNIT_OF_WT"&gt;&lt;xs:annotation&gt;&lt;xs:documentation&gt;Weight Unit
The string cannot exceed 3 characters.&lt;/xs:documentation&gt;&lt;/xs:annotation&gt;&lt;xs:simpleType&gt;&lt;xs:restriction base="xs:string"&gt;&lt;xs:maxLength value="3" /&gt;&lt;/xs:restriction&gt;&lt;/xs:simpleType&gt;&lt;/xs:element&gt;&lt;xs:element name="VOLUME"&gt;&lt;xs:annotation&gt;&lt;xs:documentation&gt;Volume
The number of digits to the right of the decimal point cannot exceed 3.&lt;/xs:documentation&gt;&lt;/xs:annotation&gt;&lt;xs:simpleType&gt;&lt;xs:restriction base="xs:decimal"&gt;&lt;xs:totalDigits value="13" /&gt;&lt;xs:fractionDigits value="3" /&gt;&lt;/xs:restriction&gt;&lt;/xs:simpleType&gt;&lt;/xs:element&gt;&lt;xs:element name="VOLUMEUNIT"&gt;&lt;xs:annotation&gt;&lt;xs:documentation&gt;Volume unit
The string cannot exceed 3 characters.&lt;/xs:documentation&gt;&lt;/xs:annotation&gt;&lt;xs:simpleType&gt;&lt;xs:restriction base="xs:string"&gt;&lt;xs:maxLength value="3" /&gt;&lt;/xs:restriction&gt;&lt;/xs:simpleType&gt;&lt;/xs:element&gt;&lt;xs:element name="LENGTH"&gt;&lt;xs:annotation&gt;&lt;xs:documentation&gt;Length
The number of digits to the right of the decimal point cannot exceed 3.&lt;/xs:documentation&gt;&lt;/xs:annotation&gt;&lt;xs:simpleType&gt;&lt;xs:restriction base="xs:decimal"&gt;&lt;xs:totalDigits value="13" /&gt;&lt;xs:fractionDigits value="3" /&gt;&lt;/xs:restriction&gt;&lt;/xs:simpleType&gt;&lt;/xs:element&gt;&lt;xs:element name="WIDTH"&gt;&lt;xs:annotation&gt;&lt;xs:documentation&gt;Width
The number of digits to the right of the decimal point cannot exceed 3.&lt;/xs:documentation&gt;&lt;/xs:annotation&gt;&lt;xs:simpleType&gt;&lt;xs:restriction base="xs:decimal"&gt;&lt;xs:totalDigits value="13" /&gt;&lt;xs:fractionDigits value="3" /&gt;&lt;/xs:restriction&gt;&lt;/xs:simpleType&gt;&lt;/xs:element&gt;&lt;xs:element name="HEIGHT"&gt;&lt;xs:annotation&gt;&lt;xs:documentation&gt;Height
The number of digits to the right of the decimal point cannot exceed 3.&lt;/xs:documentation&gt;&lt;/xs:annotation&gt;&lt;xs:simpleType&gt;&lt;xs:restriction base="xs:decimal"&gt;&lt;xs:totalDigits value="13" /&gt;&lt;xs:fractionDigits value="3" /&gt;&lt;/xs:restriction&gt;&lt;/xs:simpleType&gt;&lt;/xs:element&gt;&lt;xs:element name="UNIT_DIM"&gt;&lt;xs:annotation&gt;&lt;xs:documentation&gt;Unit of Dimension for Length/Width/Height
The string cannot exceed 3 characters.&lt;/xs:documentation&gt;&lt;/xs:annotation&gt;&lt;xs:simpleType&gt;&lt;xs:restriction base="xs:string"&gt;&lt;xs:maxLength value="3" /&gt;&lt;/xs:restriction&gt;&lt;/xs:simpleType&gt;&lt;/xs:element&gt;&lt;xs:element name="MANU_MAT"&gt;&lt;xs:annotation&gt;&lt;xs:documentation&gt;Manufacturer Part Number
The string cannot exceed 40 characters.&lt;/xs:documentation&gt;&lt;/xs:annotation&gt;&lt;xs:simpleType&gt;&lt;xs:restriction base="xs:string"&gt;&lt;xs:maxLength value="40" /&gt;&lt;/xs:restriction&gt;&lt;/xs:simpleType&gt;&lt;/xs:element&gt;&lt;xs:element name="MFR_NO"&gt;&lt;xs:annotation&gt;&lt;xs:documentation&gt;Number of a Manufacturer
The string cannot exceed 10 characters.&lt;/xs:documentation&gt;&lt;/xs:annotation&gt;&lt;xs:simpleType&gt;&lt;xs:restriction base="xs:string"&gt;&lt;xs:maxLength value="10" /&gt;&lt;/xs:restriction&gt;&lt;/xs:simpleType&gt;&lt;/xs:element&gt;&lt;xs:element name="BASE_UOM_ISO"&gt;&lt;xs:annotation&gt;&lt;xs:documentation&gt;Base unit of measure in ISO code
The string cannot exceed 3 characters.&lt;/xs:documentation&gt;&lt;/xs:annotation&gt;&lt;xs:simpleType&gt;&lt;xs:restriction base="xs:string"&gt;&lt;xs:maxLength value="3" /&gt;&lt;/xs:restriction&gt;&lt;/xs:simpleType&gt;&lt;/xs:element&gt;&lt;xs:element name="UNIT_OF_WT_ISO"&gt;&lt;xs:annotation&gt;&lt;xs:documentation&gt;Unit of weight in ISO code
The string cannot exceed 3 characters.&lt;/xs:documentation&gt;&lt;/xs:annotation&gt;&lt;xs:simpleType&gt;&lt;xs:restriction base="xs:string"&gt;&lt;xs:maxLength value="3" /&gt;&lt;/xs:restriction&gt;&lt;/xs:simpleType&gt;&lt;/xs:element&gt;&lt;xs:element name="VOLUMEUNIT_ISO"&gt;&lt;xs:annotation&gt;&lt;xs:documentation&gt;Volume unit in ISO code
The string cannot exceed 3 characters.&lt;/xs:documentation&gt;&lt;/xs:annotation&gt;&lt;xs:simpleType&gt;&lt;xs:restriction base="xs:string"&gt;&lt;xs:maxLength value="3" /&gt;&lt;/xs:restriction&gt;&lt;/xs:simpleType&gt;&lt;/xs:element&gt;&lt;xs:element name="UNIT_DIM_ISO"&gt;&lt;xs:annotation&gt;&lt;xs:documentation&gt;Unit for length/breadth/height in ISO code
The string cannot exceed 3 characters.&lt;/xs:documentation&gt;&lt;/xs:annotation&gt;&lt;xs:simpleType&gt;&lt;xs:restriction base="xs:string"&gt;&lt;xs:maxLength value="3" /&gt;&lt;/xs:restriction&gt;&lt;/xs:simpleType&gt;&lt;/xs:element&gt;&lt;xs:element name="CREATED_ON"&gt;&lt;xs:annotation&gt;&lt;xs:documentation&gt;Created On&lt;/xs:documentation&gt;&lt;/xs:annotation&gt;&lt;xs:simpleType&gt;&lt;xs:restriction base="xs:date" /&gt;&lt;/xs:simpleType&gt;&lt;/xs:element&gt;&lt;xs:element name="CREATED_BY"&gt;&lt;xs:annotation&gt;&lt;xs:documentation&gt;Name of Person who Created the Object
The string cannot exceed 12 characters.&lt;/xs:documentation&gt;&lt;/xs:annotation&gt;&lt;xs:simpleType&gt;&lt;xs:restriction base="xs:string"&gt;&lt;xs:maxLength value="12" /&gt;&lt;/xs:restriction&gt;&lt;/xs:simpleType&gt;&lt;/xs:element&gt;&lt;xs:element name="LAST_CHNGE"&gt;&lt;xs:annotation&gt;&lt;xs:documentation&gt;Date of Last Change&lt;/xs:documentation&gt;&lt;/xs:annotation&gt;&lt;xs:simpleType&gt;&lt;xs:restriction base="xs:date" /&gt;&lt;/xs:simpleType&gt;&lt;/xs:element&gt;&lt;xs:element name="CHANGED_BY"&gt;&lt;xs:annotation&gt;&lt;xs:documentation&gt;Name of Person Who Changed Object
The string cannot exceed 12 characters.&lt;/xs:documentation&gt;&lt;/xs:annotation&gt;&lt;xs:simpleType&gt;&lt;xs:restriction base="xs:string"&gt;&lt;xs:maxLength value="12" /&gt;&lt;/xs:restriction&gt;&lt;/xs:simpleType&gt;&lt;/xs:element&gt;&lt;xs:element name="MATL_CAT"&gt;&lt;xs:annotation&gt;&lt;xs:documentation&gt;Material Category
The string cannot exceed 2 characters.&lt;/xs:documentation&gt;&lt;/xs:annotation&gt;&lt;xs:simpleType&gt;&lt;xs:restriction base="xs:string"&gt;&lt;xs:maxLength value="2" /&gt;&lt;/xs:restriction&gt;&lt;/xs:simpleType&gt;&lt;/xs:element&gt;&lt;xs:element name="EMPTIESBOM"&gt;&lt;xs:annotation&gt;&lt;xs:documentation&gt;Empties Bill of Material
The string must be a single character.&lt;/xs:documentation&gt;&lt;/xs:annotation&gt;&lt;xs:simpleType&gt;&lt;xs:restriction base="xs:string"&gt;&lt;xs:maxLength value="1" /&gt;&lt;/xs:restriction&gt;&lt;/xs:simpleType&gt;&lt;/xs:element&gt;&lt;xs:element name="BASIC_MATL_NEW"&gt;&lt;xs:annotation&gt;&lt;xs:documentation&gt;Basic Material
The string cannot exceed 48 characters.&lt;/xs:documentation&gt;&lt;/xs:annotation&gt;&lt;xs:simpleType&gt;&lt;xs:restriction base="xs:string"&gt;&lt;xs:maxLength value="48" /&gt;&lt;/xs:restriction&gt;&lt;/xs:simpleType&gt;&lt;/xs:element&gt;&lt;/xs:sequence&gt;&lt;/xs:complexType&gt;&lt;/xs:element&gt;&lt;xs:element minOccurs="1" name="RETURN"&gt;&lt;xs:annotation&gt;&lt;xs:documentation&gt;Return Parameter&lt;/xs:documentation&gt;&lt;/xs:annotation&gt;&lt;xs:complexType&gt;&lt;xs:sequence&gt;&lt;xs:element name="TYPE"&gt;&lt;xs:annotation&gt;&lt;xs:documentation&gt;Message type: S Success, E Error, W Warning, I Info, A Abort
The string must be a single character.&lt;/xs:documentation&gt;&lt;/xs:annotation&gt;&lt;xs:simpleType&gt;&lt;xs:restriction base="xs:string"&gt;&lt;xs:maxLength value="1" /&gt;&lt;/xs:restriction&gt;&lt;/xs:simpleType&gt;&lt;/xs:element&gt;&lt;xs:element name="CODE"&gt;&lt;xs:annotation&gt;&lt;xs:documentation&gt;Message code
The string cannot exceed 5 characters.&lt;/xs:documentation&gt;&lt;/xs:annotation&gt;&lt;xs:simpleType&gt;&lt;xs:restriction base="xs:string"&gt;&lt;xs:maxLength value="5" /&gt;&lt;/xs:restriction&gt;&lt;/xs:simpleType&gt;&lt;/xs:element&gt;&lt;xs:element name="MESSAGE"&gt;&lt;xs:annotation&gt;&lt;xs:documentation&gt;Message Text
The string cannot exceed 220 characters.&lt;/xs:documentation&gt;&lt;/xs:annotation&gt;&lt;xs:simpleType&gt;&lt;xs:restriction base="xs:string"&gt;&lt;xs:maxLength value="220" /&gt;&lt;/xs:restriction&gt;&lt;/xs:simpleType&gt;&lt;/xs:element&gt;&lt;xs:element name="LOG_NO"&gt;&lt;xs:annotation&gt;&lt;xs:documentation&gt;Application log: log number
The string cannot exceed 20 characters.&lt;/xs:documentation&gt;&lt;/xs:annotation&gt;&lt;xs:simpleType&gt;&lt;xs:restriction base="xs:string"&gt;&lt;xs:maxLength value="20" /&gt;&lt;/xs:restriction&gt;&lt;/xs:simpleType&gt;&lt;/xs:element&gt;&lt;xs:element name="LOG_MSG_NO"&gt;&lt;xs:annotation&gt;&lt;xs:documentation&gt;Application log: Internal message serial number
The integer cannot exceed 6 digits.&lt;/xs:documentation&gt;&lt;/xs:annotation&gt;&lt;xs:simpleType&gt;&lt;xs:restriction xmlns:q1="http://hp.vtd.schemas/types/v1.0" base="q1:numc"&gt;&lt;xs:maxLength value="6" /&gt;&lt;/xs:restriction&gt;&lt;/xs:simpleType&gt;&lt;/xs:element&gt;&lt;xs:element name="MESSAGE_V1"&gt;&lt;xs:annotation&gt;&lt;xs:documentation&gt;Message Variable
The string cannot exceed 50 characters.&lt;/xs:documentation&gt;&lt;/xs:annotation&gt;&lt;xs:simpleType&gt;&lt;xs:restriction base="xs:string"&gt;&lt;xs:maxLength value="50" /&gt;&lt;/xs:restriction&gt;&lt;/xs:simpleType&gt;&lt;/xs:element&gt;&lt;xs:element name="MESSAGE_V2"&gt;&lt;xs:annotation&gt;&lt;xs:documentation&gt;Message Variable
The string cannot exceed 50 characters.&lt;/xs:documentation&gt;&lt;/xs:annotation&gt;&lt;xs:simpleType&gt;&lt;xs:restriction base="xs:string"&gt;&lt;xs:maxLength value="50" /&gt;&lt;/xs:restriction&gt;&lt;/xs:simpleType&gt;&lt;/xs:element&gt;&lt;xs:element name="MESSAGE_V3"&gt;&lt;xs:annotation&gt;&lt;xs:documentation&gt;Message Variable
The string cannot exceed 50 characters.&lt;/xs:documentation&gt;&lt;/xs:annotation&gt;&lt;xs:simpleType&gt;&lt;xs:restriction base="xs:string"&gt;&lt;xs:maxLength value="50" /&gt;&lt;/xs:restriction&gt;&lt;/xs:simpleType&gt;&lt;/xs:element&gt;&lt;xs:element name="MESSAGE_V4"&gt;&lt;xs:annotation&gt;&lt;xs:documentation&gt;Message Variable
The string cannot exceed 50 characters.&lt;/xs:documentation&gt;&lt;/xs:annotation&gt;&lt;xs:simpleType&gt;&lt;xs:restriction base="xs:string"&gt;&lt;xs:maxLength value="50" /&gt;&lt;/xs:restriction&gt;&lt;/xs:simpleType&gt;&lt;/xs:element&gt;&lt;/xs:sequence&gt;&lt;/xs:complexType&gt;&lt;/xs:element&gt;&lt;/xs:sequence&gt;&lt;/xs:complexType&gt;&lt;/xs:element&gt;&lt;/xs:sequence&gt;&lt;/xs:complexType&gt;&lt;/xs:element&gt;&lt;/xs:schema&gt;&lt;/Section&gt;</SectionSchema><gridMetaData i:nil="true" xmlns:a="http://schemas.datacontract.org/2004/07/HP.ST.Fwk.DesignerModel.XsdProperties"/></OutputProperties><OutputXPathProperties z:Id="82" xmlns="http://schemas.datacontract.org/2004/07/HP.ST.Fwk.DesignerModel"><Parent i:nil="true"/><canBeArrayCheckPoint>false</canBeArrayCheckPoint><canBeCheckPoint>true</canBeCheckPoint><canBeDestination>true</canBeDestination><canBeSource>false</canBeSource><displayName z:Id="83">XPath Checkpoints</displayName><expandDepth>-1</expandDepth><isJsonSection>false</isJsonSection><isSharedMetaData>false</isSharedMetaData><loadFromReplayEnabled i:nil="true"/><name z:Id="84">OutputXpathProperties</name><propertiesType i:nil="true"/><showXmlControls>false</showXmlControls><AdditionalSchemas i:nil="true" xmlns:a="http://schemas.microsoft.com/2003/10/Serialization/Arrays"/><SectionSchema i:nil="true"/><gridMetaData i:nil="true" xmlns:a="http://schemas.datacontract.org/2004/07/HP.ST.Fwk.DesignerModel.XsdProperties"/></OutputXPathProperties><Client z:Id="85">800</Client><Password z:Id="86">UNrrTkMjzFU310JjDiPgdw==</Password><ServerDescription z:Id="87">ECC6</ServerDescription><ServerName z:Id="88">10.0.16.14</ServerName><SystemNumber z:Id="89">00</SystemNumber><User z:Id="90">testuser</User><FunctionName z:Id="91">BAPI_MATERIAL_GET_DETAIL</FunctionName></SapRfcMetaData>